t_epoch_s,t_mono_ns,ch1_pct,ch2_pct,ch3_pct,ch4_pct,ch5_pct,ch6_pct,ch7_pct,ch8_pct
1764424313.217408,1283474359853,7.500000,7.500000,7.500000,7.500000,7.500000,7.500000,7.500000,7.500000
1764424313.228440,1283485391387,7.500000,7.500000,7.500000,7.500000,7.500000,7.500000,7.500000,7.500000
1764424313.239302,1283496253770,7.500000,7.500000,7.500000,7.500000,7.500000,7.500000,7.500000,7.500000
1764424313.248090,1283505041725,7.500000,7.500000,7.500000,7.500000,7.500000,7.500000,7.500000,7.500000
1764424313.259007,1283515958645,7.500000,7.500000,7.500000,7.500000,7.500000,7.500000,7.500000,7.500000
1764424313.267861,1283524812219,7.500000,7.500000,7.500000,7.500000,7.500000,7.500000,7.500000,7.500000
1764424313.278795,1283535747220,7.500000,7.500000,7.500000,7.500000,7.500000,7.500000,7.500000,7.500000
1764424313.287616,1283544567839,7.500000,7.500000,7.500000,7.500000,7.500000,7.500000,7.500000,7.500000
1764424313.298536,1283555487967,7.500000,7.500000,7.500000,7.500000,7.500000,7.500000,7.500000,7.500000
1764424313.307735,1283564686841,7.500000,7.500000,7.500000,7.500000,7.500000,7.500000,7.500000,7.500000
1764424313.318787,1283575738207,7.500000,7.500000,7.500000,7.500000,7.500000,7.500000,7.500000,7.500000
1764424313.327583,1283584534328,7.500000,7.500000,7.500000,7.500000,7.500000,7.500000,7.500000,7.500000
1764424313.338796,1283595747844,7.500000,7.500000,7.500000,7.500000,7.500000,7.500000,7.500000,7.500000
1764424313.347582,1283604533758,7.500000,7.500000,7.500000,7.500000,7.500000,7.500000,7.500000,7.500000
1764424313.358883,1283615835349,7.500000,7.500000,7.500000,7.500000,7.500000,7.500000,7.500000,7.500000
1764424313.367744,1283624695631,7.500000,7.500000,7.500000,7.500000,7.500000,7.500000,7.500000,7.500000
1764424313.378655,1283635606718,7.500000,7.500000,7.500000,7.500000,7.500000,7.500000,7.500000,7.500000
1764424313.387910,1283644861296,7.500000,7.500000,7.500000,7.500000,7.500000,7.500000,7.500000,7.500000
1764424313.398839,1283655791047,7.500000,7.500000,7.500000,7.500000,7.500000,7.500000,7.500000,7.500000
1764424313.407638,1283664588918,7.500000,7.500000,7.500000,7.500000,7.500000,7.500000,7.500000,7.500000
1764424313.418566,1283675517795,7.500000,7.500000,7.500000,7.500000,7.500000,7.500000,7.500000,7.500000
1764424313.427395,1283684346288,7.500000,7.500000,7.500000,7.500000,7.500000,7.500000,7.500000,7.500000
1764424313.438316,1283695267583,7.500000,7.500000,7.500000,7.500000,7.500000,7.500000,7.500000,7.500000
1764424313.449271,1283706222707,7.500000,7.500000,7.500000,7.500000,7.500000,7.500000,7.500000,7.500000
1764424313.458019,1283714970999,7.500000,7.500000,7.500000,7.500000,7.500000,7.500000,7.500000,7.500000
1764424313.468895,1283725847089,7.500000,7.500000,7.500000,7.500000,7.500000,7.500000,7.500000,7.500000
1764424313.477682,1283734633878,7.500000,7.500000,7.500000,7.500000,7.500000,7.500000,7.500000,7.500000
1764424313.488749,1283745700700,7.500000,7.500000,7.500000,7.500000,7.500000,7.500000,7.500000,7.500000
1764424313.497909,1283754860495,7.500000,7.500000,7.500000,7.500000,7.500000,7.500000,7.500000,7.500000
1764424313.509185,1283766136422,7.500000,7.500000,7.500000,7.500000,7.500000,7.500000,7.500000,7.500000
1764424313.518280,1283775231765,7.500000,7.500000,7.500000,7.500000,7.500000,7.500000,7.500000,7.500000
1764424313.529537,1283786489319,7.500000,7.500000,7.500000,7.500000,7.500000,7.500000,7.500000,7.500000
1764424313.538707,1283795658155,7.500000,7.500000,7.500000,7.500000,7.500000,7.500000,7.500000,7.500000
1764424313.547802,1283804753789,7.500000,7.500000,7.500000,7.500000,7.500000,7.500000,7.500000,7.500000
1764424313.559064,1283816015718,7.500000,7.500000,7.500000,7.500000,7.500000,7.500000,7.500000,7.500000
1764424313.568169,1283825120976,7.500000,7.500000,7.500000,7.500000,7.500000,7.500000,7.500000,7.500000
1764424313.579430,1283836381738,7.500000,7.500000,7.500000,7.500000,7.500000,7.500000,7.500000,7.500000
1764424313.588537,1283845489330,7.500000,7.500000,7.500000,7.500000,7.500000,7.500000,7.500000,7.500000
1764424313.597609,1283854560466,7.500000,7.500000,7.500000,7.500000,7.500000,7.500000,7.500000,7.500000
1764424313.608870,1283865821812,7.500000,7.500000,7.500000,7.500000,7.500000,7.500000,7.500000,7.500000
1764424313.617957,1283874908697,7.500000,7.500000,7.500000,7.500000,7.500000,7.500000,7.500000,7.500000
1764424313.629214,1283886165667,7.500000,7.500000,7.500000,7.500000,7.500000,7.500000,7.500000,7.500000
1764424313.638317,1283895269176,7.500000,7.500000,7.500000,7.500000,7.500000,7.500000,7.500000,7.500000
1764424313.649583,1283906534896,7.500000,7.500000,7.500000,7.500000,7.500000,7.500000,7.500000,7.500000
1764424313.658683,1283915635196,7.500000,7.500000,7.500000,7.500000,7.500000,7.500000,7.500000,7.500000
1764424313.667789,1283924741330,7.500000,7.500000,7.500000,7.500000,7.500000,7.500000,7.500000,7.500000
1764424313.679078,1283936029797,7.500000,7.500000,7.500000,7.500000,7.500000,7.500000,7.500000,7.500000
1764424313.688026,1283944977571,7.500000,7.500000,7.500000,7.500000,7.500000,7.500000,7.500000,7.500000
1764424313.699122,1283956074140,7.500000,7.500000,7.500000,7.500000,7.500000,7.500000,7.500000,7.500000
1764424313.708070,1283965021622,7.500000,7.500000,7.500000,7.500000,7.500000,7.500000,7.500000,7.500000
1764424313.719158,1283976110025,7.500000,7.500000,7.500000,7.500000,7.500000,7.500000,7.500000,7.500000
1764424313.728100,1283985051966,7.500000,7.500000,7.500000,7.500000,7.500000,7.500000,7.500000,7.500000
1764424313.739205,1283996156993,7.500000,7.500000,7.500000,7.500000,7.500000,7.500000,7.500000,7.500000
1764424313.748149,1284005100683,7.500000,7.500000,7.500000,7.500000,7.500000,7.500000,7.500000,7.500000
1764424313.759240,1284016191711,7.500000,7.500000,7.500000,7.500000,7.500000,7.500000,7.500000,7.500000
1764424313.768189,1284025140943,7.500000,7.500000,7.500000,7.500000,7.500000,7.500000,7.500000,7.500000
1764424313.779281,1284036232846,7.500000,7.500000,7.500000,7.500000,7.500000,7.500000,7.500000,7.500000
1764424313.788223,1284045174495,7.500000,7.500000,7.500000,7.500000,7.500000,7.500000,7.500000,7.500000
1764424313.799317,1284056269023,7.500000,7.500000,7.500000,7.500000,7.500000,7.500000,7.500000,7.500000
1764424313.808260,1284065211838,7.500000,7.500000,7.500000,7.500000,7.500000,7.500000,7.500000,7.500000
1764424313.819343,1284076295284,7.500000,7.500000,7.500000,7.500000,7.500000,7.500000,7.500000,7.500000
1764424313.828280,1284085231683,7.500000,7.500000,7.500000,7.500000,7.500000,7.500000,7.500000,7.500000
1764424313.839158,1284096109231,7.500000,7.500000,7.500000,7.500000,7.500000,7.500000,7.500000,7.500000
1764424313.848099,1284105050881,7.500000,7.500000,7.500000,7.500000,7.500000,7.500000,7.500000,7.500000
1764424313.859186,1284116138117,7.500000,7.500000,7.500000,7.500000,7.500000,7.500000,7.500000,7.500000
1764424313.868128,1284125079766,7.500000,7.500000,7.500000,7.500000,7.500000,7.500000,7.500000,7.500000
1764424313.879248,1284136199667,7.500000,7.500000,7.500000,7.500000,7.500000,7.500000,7.500000,7.500000
1764424313.888206,1284145157648,7.500000,7.500000,7.500000,7.500000,7.500000,7.500000,7.500000,7.500000
1764424313.899294,1284156245467,7.500000,7.500000,7.500000,7.500000,7.500000,7.500000,7.500000,7.500000
1764424313.908232,1284165184200,7.500000,7.500000,7.500000,7.500000,7.500000,7.500000,7.500000,7.500000
1764424313.919323,1284176274936,7.500000,7.500000,7.500000,7.500000,7.500000,7.500000,7.500000,7.500000
1764424313.928266,1284185217752,7.500000,7.500000,7.500000,7.500000,7.500000,7.500000,7.500000,7.500000
1764424313.939363,1284196315196,7.500000,7.500000,7.500000,7.500000,7.500000,7.500000,7.500000,7.500000
1764424313.948308,1284205259178,7.500000,7.500000,7.500000,7.500000,7.500000,7.500000,7.500000,7.500000
1764424313.959393,1284216344082,7.500000,7.500000,7.500000,7.500000,7.500000,7.500000,7.500000,7.500000
1764424313.968333,1284225285148,7.500000,7.500000,7.500000,7.500000,7.500000,7.500000,7.500000,7.500000
1764424313.979432,1284236384050,7.500000,7.500000,7.500000,7.500000,7.500000,7.500000,7.500000,7.500000
1764424313.988371,1284245323074,7.500000,7.500000,7.500000,7.500000,7.500000,7.500000,7.500000,7.500000
1764424313.999460,1284256411478,7.500000,7.500000,7.500000,7.500000,7.500000,7.500000,7.500000,7.500000
1764424314.008710,1284265661681,7.500000,7.500000,7.500000,7.500000,7.500000,7.500000,7.500000,7.500000
1764424314.017633,1284274584957,7.500000,7.500000,7.500000,7.500000,7.500000,7.500000,7.500000,7.500000
1764424314.028723,1284285674818,7.500000,7.500000,7.500000,7.500000,7.500000,7.500000,7.500000,7.500000
1764424314.037632,1284294583220,7.500000,7.500000,7.500000,7.500000,7.500000,7.500000,7.500000,7.500000
1764424314.048712,1284305663458,7.500000,7.500000,7.500000,7.500000,7.500000,7.500000,7.500000,7.500000
1764424314.057632,1284314584109,7.500000,7.500000,7.500000,7.500000,7.500000,7.500000,7.500000,7.500000
1764424314.068825,1284325776627,7.500000,7.500000,7.500000,7.500000,7.500000,7.500000,7.500000,7.500000
1764424314.077824,1284334775729,7.500000,7.500000,7.500000,7.500000,7.500000,7.500000,7.500000,7.500000
1764424314.088920,1284345872007,7.500000,7.500000,7.500000,7.500000,7.500000,7.500000,7.500000,7.500000
1764424314.097866,1284354817447,7.500000,7.500000,7.500000,7.500000,7.500000,7.500000,7.500000,7.500000
1764424314.108961,1284365912558,7.500000,7.500000,7.500000,7.500000,7.500000,7.500000,7.500000,7.500000
1764424314.117905,1284374856540,7.500000,7.500000,7.500000,7.500000,7.500000,7.500000,7.500000,7.500000
1764424314.128994,1284385945235,7.500000,7.500000,7.500000,7.500000,7.500000,7.500000,7.500000,7.500000
1764424314.137935,1284394886884,7.500000,7.500000,7.500000,7.500000,7.500000,7.500000,7.500000,7.500000
1764424314.149033,1284405985203,7.500000,7.500000,7.500000,7.500000,7.500000,7.500000,7.500000,7.500000
1764424314.157977,1284414928894,7.500000,7.500000,7.500000,7.500000,7.500000,7.500000,7.500000,7.500000
1764424314.169065,1284426016130,7.500000,7.500000,7.500000,7.500000,7.500000,7.500000,7.500000,7.500000
1764424314.178017,1284434968278,7.500000,7.500000,7.500000,7.500000,7.500000,7.500000,7.500000,7.500000
1764424314.189102,1284446053765,7.500000,7.500000,7.500000,7.500000,7.500000,7.500000,7.500000,7.500000
1764424314.198055,1284455006788,7.500000,7.500000,7.500000,7.500000,7.500000,7.500000,7.500000,7.500000
1764424314.209128,1284466079318,7.500000,7.500000,7.500000,7.500000,7.500000,7.500000,7.500000,7.500000
1764424314.217974,1284474925893,7.500000,7.500000,7.500000,7.500000,7.500000,7.500000,7.500000,7.500000
1764424314.229228,1284486179864,7.500000,7.500000,7.500000,7.500000,7.500000,7.500000,7.500000,7.500000
1764424314.238091,1284495042187,7.500000,7.500000,7.500000,7.500000,7.500000,7.500000,7.500000,7.500000
1764424314.248981,1284505932276,7.500000,7.500000,7.500000,7.500000,7.500000,7.500000,7.500000,7.500000
1764424314.257720,1284514670944,7.500000,7.500000,7.500000,7.500000,7.500000,7.500000,7.500000,7.500000
1764424314.268655,1284525606820,7.500000,7.500000,7.500000,7.500000,7.500000,7.500000,7.500000,7.500000
1764424314.277409,1284534360654,7.500000,7.500000,7.500000,7.500000,7.500000,7.500000,7.500000,7.500000
1764424314.288279,1284545230203,7.500000,7.500000,7.500000,7.500000,7.500000,7.500000,7.500000,7.500000
1764424314.299175,1284556126416,7.500000,7.500000,7.500000,7.500000,7.500000,7.500000,7.500000,7.500000
1764424314.307948,1284564899790,7.500000,7.500000,7.500000,7.500000,7.500000,7.500000,7.500000,7.500000
1764424314.318878,1284575829541,7.500000,7.500000,7.500000,7.500000,7.500000,7.500000,7.500000,7.500000
1764424314.327825,1284584776732,7.500000,7.500000,7.500000,7.500000,7.500000,7.500000,7.500000,7.500000
1764424314.338936,1284595887299,7.500000,7.500000,7.500000,7.500000,7.500000,7.500000,7.500000,7.500000
1764424314.347894,1284604846155,7.500000,7.500000,7.500000,7.500000,7.500000,7.500000,7.500000,7.500000
1764424314.358985,1284615936308,7.500000,7.500000,7.500000,7.500000,7.500000,7.500000,7.500000,7.500000
1764424314.367931,1284624882915,7.500000,7.500000,7.500000,7.500000,7.500000,7.500000,7.500000,7.500000
1764424314.379037,1284635989108,7.500000,7.500000,7.500000,7.500000,7.500000,7.500000,7.500000,7.500000
1764424314.387979,1284644930466,7.500000,7.500000,7.500000,7.500000,7.500000,7.500000,7.500000,7.500000
1764424314.399071,1284656022952,7.500000,7.500000,7.500000,7.500000,7.500000,7.500000,7.500000,7.500000
1764424314.408018,1284664970142,7.500000,7.500000,7.500000,7.500000,7.500000,7.500000,7.500000,7.500000
1764424314.419116,1284676068170,7.500000,7.500000,7.500000,7.500000,7.500000,7.500000,7.500000,7.500000
1764424314.428060,1284685011569,7.500000,7.500000,7.500000,7.500000,7.500000,7.500000,7.500000,7.500000
1764424314.439150,1284696101722,7.500000,7.500000,7.500000,7.500000,7.500000,7.500000,7.500000,7.500000
1764424314.448106,1284705057078,7.500000,7.500000,7.500000,7.500000,7.500000,7.500000,7.500000,7.500000
1764424314.459196,1284716147522,7.500000,7.500000,7.500000,7.500000,7.500000,7.500000,7.500000,7.500000
1764424314.468142,1284725094129,7.500000,7.500000,7.500000,7.500000,7.500000,7.500000,7.500000,7.500000
1764424314.479246,1284736197989,7.500000,7.500000,7.500000,7.500000,7.500000,7.500000,7.500000,7.500000
1764424314.488404,1284745355743,7.500000,7.500000,7.500000,7.500000,7.500000,7.500000,7.500000,7.500000
1764424314.497544,1284754495998,7.500000,7.500000,7.500000,7.500000,7.500000,7.500000,7.500000,7.500000
1764424314.508775,1284765726721,7.500000,7.500000,7.500000,7.500000,7.500000,7.500000,7.500000,7.500000
1764424314.517869,1284774820606,7.500000,7.500000,7.500000,7.500000,7.500000,7.500000,7.500000,7.500000
1764424314.529137,1284786088659,7.500000,7.500000,7.500000,7.500000,7.500000,7.500000,7.500000,7.500000
1764424314.538232,1284795183710,7.500000,7.500000,7.500000,7.500000,7.500000,7.500000,7.500000,7.500000
1764424314.549500,1284806452054,7.500000,7.500000,7.500000,7.500000,7.500000,7.500000,7.500000,7.500000
1764424314.558621,1284815573353,7.500000,7.500000,7.500000,7.500000,7.500000,7.500000,7.500000,7.500000
1764424314.567678,1284824630491,7.500000,7.500000,7.500000,7.500000,7.500000,7.500000,7.500000,7.500000
1764424314.578963,1284835914584,7.500000,7.500000,7.500000,7.500000,7.500000,7.500000,7.500000,7.500000
1764424314.588061,1284845012843,7.500000,7.500000,7.500000,7.500000,7.500000,7.500000,7.500000,7.500000
1764424314.599329,1284856281188,7.500000,7.500000,7.500000,7.500000,7.500000,7.500000,7.500000,7.500000
1764424314.608431,1284865382363,7.500000,7.500000,7.500000,7.500000,7.500000,7.500000,7.500000,7.500000
1764424314.617553,1284874505412,7.500000,7.500000,7.500000,7.500000,7.500000,7.500000,7.500000,7.500000
1764424314.628819,1284885770840,7.500000,7.500000,7.500000,7.500000,7.500000,7.500000,7.500000,7.500000
1764424314.637915,1284894866766,7.500000,7.500000,7.500000,7.500000,7.500000,7.500000,7.500000,7.500000
1764424314.649184,1284906135694,7.500000,7.500000,7.500000,7.500000,7.500000,7.500000,7.500000,7.500000
1764424314.658287,1284915239202,7.500000,7.500000,7.500000,7.500000,7.500000,7.500000,7.500000,7.500000
1764424314.669557,1284926508422,7.500000,7.500000,7.500000,7.500000,7.500000,7.500000,7.500000,7.500000
1764424314.678705,1284935656843,7.500000,7.500000,7.500000,7.500000,7.500000,7.500000,7.500000,7.500000
1764424314.687878,1284944830053,7.500000,7.500000,7.500000,7.500000,7.500000,7.500000,7.500000,7.500000
1764424314.698972,1284955923706,7.500000,7.500000,7.500000,7.500000,7.500000,7.500000,7.500000,7.500000
1764424314.707914,1284964865939,7.500000,7.500000,7.500000,7.500000,7.500000,7.500000,7.500000,7.500000
1764424314.719006,1284975957550,7.500000,7.500000,7.500000,7.500000,7.500000,7.500000,7.500000,7.500000
1764424314.727947,1284984898907,7.500000,7.500000,7.500000,7.500000,7.500000,7.500000,7.500000,7.500000
1764424314.739038,1284995989352,7.500000,7.500000,7.500000,7.500000,7.500000,7.500000,7.500000,7.500000
1764424314.747983,1285004934501,7.500000,7.500000,7.500000,7.500000,7.500000,7.500000,7.500000,7.500000
1764424314.759073,1285016025237,7.500000,7.500000,7.500000,7.500000,7.500000,7.500000,7.500000,7.500000
1764424314.768018,1285024970094,7.500000,7.500000,7.500000,7.500000,7.500000,7.500000,7.500000,7.500000
1764424314.779116,1285036067830,7.500000,7.500000,7.500000,7.500000,7.500000,7.500000,7.500000,7.500000
1764424314.788063,1285045015020,7.500000,7.500000,7.500000,7.500000,7.500000,7.500000,7.500000,7.500000
1764424314.799151,1285056102257,7.500000,7.500000,7.500000,7.500000,7.500000,7.500000,7.500000,7.500000
1764424314.808102,1285065054113,7.500000,7.500000,7.500000,7.500000,7.500000,7.500000,7.500000,7.500000
1764424314.819196,1285076147766,7.500000,7.500000,7.500000,7.500000,7.500000,7.500000,7.500000,7.500000
1764424314.828136,1285085087374,7.500000,7.500000,7.500000,7.500000,7.500000,7.500000,7.500000,7.500000
1764424314.839225,1285096176652,7.500000,7.500000,7.500000,7.500000,7.500000,7.500000,7.500000,7.500000
1764424314.848170,1285105121801,7.500000,7.500000,7.500000,7.500000,7.500000,7.500000,7.500000,7.500000
1764424314.859262,1285116213995,7.500000,7.500000,7.500000,7.500000,7.500000,7.500000,7.500000,7.500000
1764424314.868205,1285125157102,7.500000,7.500000,7.500000,7.500000,7.500000,7.500000,7.500000,7.500000
1764424314.879302,1285136253671,7.500000,7.500000,7.500000,7.500000,7.500000,7.500000,7.500000,7.500000
1764424314.888276,1285145227693,7.500000,7.500000,7.500000,7.500000,7.500000,7.500000,7.500000,7.500000
1764424314.899404,1285156355759,7.500000,7.500000,7.500000,7.500000,7.500000,7.500000,7.500000,7.500000
1764424314.908365,1285165316948,7.500000,7.500000,7.500000,7.500000,7.500000,7.500000,7.500000,7.500000
1764424314.919445,1285176396893,7.500000,7.500000,7.500000,7.500000,7.500000,7.500000,7.500000,7.500000
1764424314.928378,1285185329210,7.500000,7.500000,7.500000,7.500000,7.500000,7.500000,7.500000,7.500000
1764424314.939463,1285196414405,7.500000,7.500000,7.500000,7.500000,7.500000,7.500000,7.500000,7.500000
1764424314.948416,1285205368303,7.500000,7.500000,7.500000,7.500000,7.500000,7.500000,7.500000,7.500000
1764424314.959504,1285216455248,7.500000,7.500000,7.500000,7.500000,7.500000,7.500000,7.500000,7.500000
1764424314.968439,1285225390190,7.500000,7.500000,7.500000,7.500000,7.500000,7.500000,7.500000,7.500000
1764424314.979536,1285236487342,7.500000,7.500000,7.500000,7.500000,7.500000,7.500000,7.500000,7.500000
1764424314.988503,1285245454655,7.500000,7.500000,7.500000,7.500000,7.500000,7.500000,7.500000,7.500000
1764424314.997436,1285254387264,7.500000,7.500000,7.500000,7.500000,7.500000,7.500000,7.500000,7.500000
1764424315.008496,1285265447669,7.500000,7.500000,7.500000,7.500000,7.500000,7.500000,7.500000,7.500000
1764424315.017635,1285274586467,7.500000,7.500000,7.500000,7.500000,7.500000,7.500000,7.500000,7.500000
1764424315.028709,1285285660579,7.500000,7.500000,7.500000,7.500000,7.500000,7.500000,7.500000,7.500000
1764424315.037632,1285294583564,7.500000,7.500000,7.500000,7.500000,7.500000,7.500000,7.500000,7.500000
1764424315.048707,1285305659135,7.500000,7.500000,7.500000,7.500000,7.500000,7.500000,7.500000,7.500000
1764424315.057628,1285314579786,7.500000,7.500000,7.500000,7.500000,7.500000,7.500000,7.500000,7.500000
1764424315.068829,1285325780762,7.500000,7.500000,7.500000,7.500000,7.500000,7.500000,7.500000,7.500000
1764424315.077790,1285334742534,7.500000,7.500000,7.500000,7.500000,7.500000,7.500000,7.500000,7.500000
1764424315.088917,1285345868559,7.500000,7.500000,7.500000,7.500000,7.500000,7.500000,7.500000,7.500000
1764424315.097860,1285354811374,7.500000,7.500000,7.500000,7.500000,7.500000,7.500000,7.500000,7.500000
1764424315.108954,1285365905610,7.500000,7.500000,7.500000,7.500000,7.500000,7.500000,7.500000,7.500000
1764424315.117895,1285374846968,7.500000,7.500000,7.500000,7.500000,7.500000,7.500000,7.500000,7.500000
1764424315.128985,1285385936538,7.500000,7.500000,7.500000,7.500000,7.500000,7.500000,7.500000,7.500000
1764424315.137921,1285394872937,7.500000,7.500000,7.500000,7.500000,7.500000,7.500000,7.500000,7.500000
1764424315.149013,1285405964548,7.500000,7.500000,7.500000,7.500000,7.500000,7.500000,7.500000,7.500000
1764424315.157951,1285414902698,7.500000,7.500000,7.500000,7.500000,7.500000,7.500000,7.500000,7.500000
1764424315.169034,1285425985852,7.500000,7.500000,7.500000,7.500000,7.500000,7.500000,7.500000,7.500000
1764424315.177980,1285434931875,7.500000,7.500000,7.500000,7.500000,7.500000,7.500000,7.500000,7.500000
1764424315.189070,1285446021445,7.500000,7.500000,7.500000,7.500000,7.500000,7.500000,7.500000,7.500000
1764424315.198012,1285454963677,7.500000,7.500000,7.500000,7.500000,7.500000,7.500000,7.500000,7.500000
1764424315.209098,1285466049748,7.500000,7.500000,7.500000,7.500000,7.500000,7.500000,7.500000,7.500000
1764424315.218039,1285474990813,7.500000,7.500000,7.500000,7.500000,7.500000,7.500000,7.500000,7.500000
1764424315.229384,1285486336150,7.500000,7.500000,7.500000,7.500000,7.500000,7.500000,7.500000,7.500000
1764424315.238329,1285495280716,7.500000,7.500000,7.500000,7.500000,7.500000,7.500000,7.500000,7.500000
1764424315.249436,1285506387492,7.500000,7.500000,7.500000,7.500000,7.500000,7.500000,7.500000,7.500000
1764424315.258416,1285515367638,7.500000,7.500000,7.500000,7.500000,7.500000,7.500000,7.500000,7.500000
1764424315.269502,1285526453708,7.500000,7.500000,7.500000,7.500000,7.500000,7.500000,7.500000,7.500000
1764424315.278444,1285535395357,7.500000,7.500000,7.500000,7.500000,7.500000,7.500000,7.500000,7.500000
1764424315.289551,1285546502717,7.500000,7.500000,7.500000,7.500000,7.500000,7.500000,7.500000,7.500000
1764424315.298588,1285555539732,7.500000,7.500000,7.500000,7.500000,7.500000,7.500000,7.500000,7.500000
1764424315.307397,1285564348394,7.500000,7.500000,7.500000,7.500000,7.500000,7.500000,7.500000,7.500000
1764424315.318277,1285575228567,7.500000,7.500000,7.500000,7.500000,7.500000,7.500000,7.500000,7.500000
1764424315.329219,1285586170276,7.500000,7.500000,7.500000,7.500000,7.500000,7.500000,7.500000,7.500000
1764424315.338184,1285595135256,7.500000,7.500000,7.500000,7.500000,7.500000,7.500000,7.500000,7.500000
1764424315.349372,1285606323691,7.500000,7.500000,7.500000,7.500000,7.500000,7.500000,7.500000,7.500000
1764424315.358290,1285615241426,7.500000,7.500000,7.500000,7.500000,7.500000,7.500000,7.500000,7.500000
1764424315.369560,1285626512103,7.500000,7.500000,7.500000,7.500000,7.500000,7.500000,7.500000,7.500000
1764424315.378644,1285635594906,7.500000,7.500000,7.500000,7.500000,7.500000,7.500000,7.500000,7.500000
1764424315.387697,1285644648253,7.500000,7.500000,7.500000,7.500000,7.500000,7.500000,7.500000,7.500000
1764424315.398733,1285655684453,7.500000,7.500000,7.500000,7.500000,7.500000,7.500000,7.500000,7.500000
1764424315.407568,1285664519653,7.500000,7.500000,7.500000,7.500000,7.500000,7.500000,7.500000,7.500000
1764424315.418513,1285675464862,7.500000,7.500000,7.500000,7.500000,7.500000,7.500000,7.500000,7.500000
1764424315.429396,1285686347660,7.500000,7.500000,7.500000,7.500000,7.500000,7.500000,7.500000,7.500000
1764424315.438197,1285695148739,7.500000,7.500000,7.500000,7.500000,7.500000,7.500000,7.500000,7.500000
1764424315.449193,1285706144401,7.500000,7.500000,7.500000,7.500000,7.500000,7.500000,7.500000,7.500000
1764424315.457941,1285714892110,7.500000,7.500000,7.500000,7.500000,7.500000,7.500000,7.500000,7.500000
1764424315.468951,1285725902354,7.500000,7.500000,7.500000,7.500000,7.500000,7.500000,7.500000,7.500000
1764424315.477811,1285734762928,7.500000,7.500000,7.500000,7.500000,7.500000,7.500000,7.500000,7.500000
1764424315.488738,1285745689763,7.500000,7.500000,7.500000,7.500000,7.500000,7.500000,7.500000,7.500000
1764424315.497543,1285754494633,7.500000,7.500000,7.500000,7.500000,7.500000,7.500000,7.500000,7.500000
1764424315.508465,1285765416802,7.500000,7.500000,7.500000,7.500000,7.500000,7.500000,7.500000,7.500000
1764424315.519356,1285776307474,7.500000,7.500000,7.500000,7.500000,7.500000,7.500000,7.500000,7.500000
1764424315.528163,1285785114386,7.500000,7.500000,7.500000,7.500000,7.500000,7.500000,7.500000,7.500000
1764424315.539093,1285796045305,7.500000,7.500000,7.500000,7.500000,7.500000,7.500000,7.500000,7.500000
1764424315.547906,1285804857466,7.500000,7.500000,7.500000,7.500000,7.500000,7.500000,7.500000,7.500000
1764424315.558835,1285815786634,7.500000,7.500000,7.500000,7.500000,7.500000,7.500000,7.500000,7.500000
1764424315.567605,1285824556800,7.500000,7.500000,7.500000,7.500000,7.500000,7.500000,7.500000,7.500000
1764424315.578516,1285835467595,7.500000,7.500000,7.500000,7.500000,7.500000,7.500000,7.500000,7.500000
1764424315.589443,1285846394430,7.500000,7.500000,7.500000,7.500000,7.500000,7.500000,7.500000,7.500000
1764424315.598234,1285855186177,7.500000,7.500000,7.500000,7.500000,7.500000,7.500000,7.500000,7.500000
1764424315.609150,1285866101638,7.500000,7.500000,7.500000,7.500000,7.500000,7.500000,7.500000,7.500000
1764424315.617971,1285874922549,7.500000,7.500000,7.500000,7.500000,7.500000,7.500000,7.500000,7.500000
1764424315.628937,1285885889047,7.500000,7.500000,7.500000,7.500000,7.500000,7.500000,7.500000,7.500000
1764424315.637783,1285894733872,7.500000,7.500000,7.500000,7.500000,7.500000,7.500000,7.500000,7.500000
1764424315.648731,1285905683164,7.500000,7.500000,7.500000,7.500000,7.500000,7.500000,7.500000,7.500000
1764424315.657550,1285914502033,7.500000,7.500000,7.500000,7.500000,7.500000,7.500000,7.500000,7.500000
1764424315.668472,1285925423910,7.500000,7.500000,7.500000,7.500000,7.500000,7.500000,7.500000,7.500000
1764424315.679412,1285936363286,7.500000,7.500000,7.500000,7.500000,7.500000,7.500000,7.500000,7.500000
1764424315.688216,1285945167573,7.500000,7.500000,7.500000,7.500000,7.500000,7.500000,7.500000,7.500000
1764424315.699146,1285956097908,7.500000,7.500000,7.500000,7.500000,7.500000,7.500000,7.500000,7.500000
1764424315.707938,1285964889946,7.500000,7.500000,7.500000,7.500000,7.500000,7.500000,7.500000,7.500000
1764424315.718858,1285975809199,7.500000,7.500000,7.500000,7.500000,7.500000,7.500000,7.500000,7.500000
1764424315.727683,1285984635067,7.500000,7.500000,7.500000,7.500000,7.500000,7.500000,7.500000,7.500000
1764424315.738618,1285995569194,7.500000,7.500000,7.500000,7.500000,7.500000,7.500000,7.500000,7.500000
1764424315.747425,1286004376772,7.500000,7.500000,7.500000,7.500000,7.500000,7.500000,7.500000,7.500000
1764424315.758341,1286015292817,7.500000,7.500000,7.500000,7.500000,7.500000,7.500000,7.500000,7.500000
1764424315.769263,1286026214694,7.500000,7.500000,7.500000,7.500000,7.500000,7.500000,7.500000,7.500000
1764424315.778125,1286035076434,7.500000,7.500000,7.500000,7.500000,7.500000,7.500000,7.500000,7.500000
1764424315.788983,1286045933859,7.500000,7.500000,7.500000,7.500000,7.500000,7.500000,7.500000,7.500000
1764424315.797734,1286054685943,7.500000,7.500000,7.500000,7.500000,7.500000,7.500000,7.500000,7.500000
1764424315.808670,1286065621819,7.500000,7.500000,7.500000,7.500000,7.500000,7.500000,7.500000,7.500000
1764424315.817405,1286074356113,7.500000,7.500000,7.500000,7.500000,7.500000,7.500000,7.500000,7.500000
1764424315.828475,1286085427018,7.500000,7.500000,7.500000,7.500000,7.500000,7.500000,7.500000,7.500000
1764424315.837608,1286094559399,7.500000,7.500000,7.500000,7.500000,7.500000,7.500000,7.500000,7.500000
1764424315.848892,1286105844075,7.500000,7.500000,7.500000,7.500000,7.500000,7.500000,7.500000,7.500000
1764424315.857675,1286114626198,7.500000,7.500000,7.500000,7.500000,7.500000,7.500000,7.500000,7.500000
1764424315.868694,1286125645191,7.500000,7.500000,7.500000,7.500000,7.500000,7.500000,7.500000,7.500000
1764424315.877867,1286134818693,7.500000,7.500000,7.500000,7.500000,7.500000,7.500000,7.500000,7.500000
1764424315.889059,1286146010336,7.500000,7.500000,7.500000,7.500000,7.500000,7.500000,7.500000,7.500000
1764424315.897846,1286154798292,7.500000,7.500000,7.500000,7.500000,7.500000,7.500000,7.500000,7.500000
1764424315.908806,1286165757791,7.500000,7.500000,7.500000,7.500000,7.500000,7.500000,7.500000,7.500000
1764424315.917670,1286174621864,7.500000,7.500000,7.500000,7.500000,7.500000,7.500000,7.500000,7.500000
1764424315.928636,1286185587487,7.500000,7.500000,7.500000,7.500000,7.500000,7.500000,7.500000,7.500000
1764424315.937471,1286194422688,7.500000,7.500000,7.500000,7.500000,7.500000,7.500000,7.500000,7.500000
1764424315.948345,1286205296153,7.500000,7.500000,7.500000,7.500000,7.500000,7.500000,7.500000,7.500000
1764424315.959278,1286216229696,7.500000,7.500000,7.500000,7.500000,7.500000,7.500000,7.500000,7.500000
1764424315.968107,1286225058481,7.500000,7.500000,7.500000,7.500000,7.500000,7.500000,7.500000,7.500000
1764424315.979021,1286235972776,7.500000,7.500000,7.500000,7.500000,7.500000,7.500000,7.500000,7.500000
1764424315.988060,1286245012124,7.500000,7.500000,7.500000,7.500000,7.500000,7.500000,7.500000,7.500000
1764424315.999351,1286256302925,7.500000,7.500000,7.500000,7.500000,7.500000,7.500000,7.500000,7.500000
1764424316.008449,1286265400309,7.500000,7.500000,7.500000,7.500000,7.500000,7.500000,7.500000,7.500000
1764424316.017809,1286274760752,7.500000,7.500000,7.500000,7.500000,7.500000,7.500000,7.500000,7.500000
1764424316.029072,1286286023847,7.500000,7.500000,7.500000,7.500000,7.500000,7.500000,7.500000,7.500000
1764424316.038173,1286295125022,7.500000,7.500000,7.500000,7.500000,7.500000,7.500000,7.500000,7.500000
1764424316.049442,1286306394242,7.500000,7.500000,7.500000,7.500000,7.500000,7.500000,7.500000,7.500000
1764424316.058532,1286315484335,7.500000,7.500000,7.500000,7.500000,7.500000,7.500000,7.500000,7.500000
1764424316.067601,1286324552555,7.500000,7.500000,7.500000,7.500000,7.500000,7.500000,7.500000,7.500000
1764424316.078887,1286335838690,7.500000,7.500000,7.500000,7.500000,7.500000,7.500000,7.500000,7.500000
1764424316.087977,1286344929366,7.500000,7.500000,7.500000,7.500000,7.500000,7.500000,7.500000,7.500000
1764424316.099243,1286356194794,7.500000,7.500000,7.500000,7.500000,7.500000,7.500000,7.500000,7.500000
1764424316.108331,1286365283138,7.500000,7.500000,7.500000,7.500000,7.500000,7.500000,7.500000,7.500000
1764424316.117424,1286374376148,7.500000,7.500000,7.500000,7.500000,7.500000,7.500000,7.500000,7.500000
1764424316.128688,1286385640409,7.500000,7.500000,7.500000,7.500000,7.500000,7.500000,7.500000,7.500000
1764424316.137793,1286394744501,7.500000,7.500000,7.500000,7.500000,7.500000,7.500000,7.500000,7.500000
1764424316.149058,1286406009637,7.500000,7.500000,7.500000,7.500000,7.500000,7.500000,7.500000,7.500000
1764424316.158157,1286415108772,7.500000,7.500000,7.500000,7.500000,7.500000,7.500000,7.500000,7.500000
1764424316.169433,1286426384407,7.500000,7.500000,7.500000,7.500000,7.500000,7.500000,7.500000,7.500000
1764424316.178524,1286435476250,7.500000,7.500000,7.500000,7.500000,7.500000,7.500000,7.500000,7.500000
1764424316.187604,1286444555845,7.500000,7.500000,7.500000,7.500000,7.500000,7.500000,7.500000,7.500000
1764424316.198869,1286455820398,7.500000,7.500000,7.500000,7.500000,7.500000,7.500000,7.500000,7.500000
1764424316.207962,1286464913991,7.500000,7.500000,7.500000,7.500000,7.500000,7.500000,7.500000,7.500000
1764424316.219223,1286476174752,7.500000,7.500000,7.500000,7.500000,7.500000,7.500000,7.500000,7.500000
1764424316.228644,1286485595856,7.500000,7.500000,7.500000,7.500000,7.500000,7.500000,7.500000,7.500000
1764424316.237840,1286494791231,7.500000,7.500000,7.500000,7.500000,7.500000,7.500000,7.500000,7.500000
1764424316.248932,1286505884009,7.500000,7.500000,7.500000,7.500000,7.500000,7.500000,7.500000,7.500000
1764424316.257884,1286514835865,7.500000,7.500000,7.500000,7.500000,7.500000,7.500000,7.500000,7.500000
1764424316.268993,1286525944683,7.500000,7.500000,7.500000,7.500000,7.500000,7.500000,7.500000,7.500000
1764424316.277937,1286534888665,7.500000,7.500000,7.500000,7.500000,7.500000,7.500000,7.500000,7.500000
1764424316.289019,1286545970944,7.500000,7.500000,7.500000,7.500000,7.500000,7.500000,7.500000,7.500000
1764424316.297961,1286554912593,7.500000,7.500000,7.500000,7.500000,7.500000,7.500000,7.500000,7.500000
1764424316.309051,1286566002746,7.500000,7.500000,7.500000,7.500000,7.500000,7.500000,7.500000,7.500000
1764424316.317991,1286574942646,7.500000,7.500000,7.500000,7.500000,7.500000,7.500000,7.500000,7.500000
1764424316.329076,1286586027841,7.500000,7.500000,7.500000,7.500000,7.500000,7.500000,7.500000,7.500000
1764424316.338028,1286594979406,7.500000,7.500000,7.500000,7.500000,7.500000,7.500000,7.500000,7.500000
1764424316.349116,1286606067809,7.500000,7.500000,7.500000,7.500000,7.500000,7.500000,7.500000,7.500000
1764424316.358055,1286615005958,7.500000,7.500000,7.500000,7.500000,7.500000,7.500000,7.500000,7.500000
1764424316.369148,1286626099319,7.500000,7.500000,7.500000,7.500000,7.500000,7.500000,7.500000,7.500000
1764424316.378089,1286635040385,7.500000,7.500000,7.500000,7.500000,7.500000,7.500000,7.500000,7.500000
1764424316.389182,1286646133455,7.500000,7.500000,7.500000,7.500000,7.500000,7.500000,7.500000,7.500000
1764424316.398128,1286655080062,7.500000,7.500000,7.500000,7.500000,7.500000,7.500000,7.500000,7.500000
1764424316.409218,1286666169923,7.500000,7.500000,7.500000,7.500000,7.500000,7.500000,7.500000,7.500000
1764424316.418157,1286675108948,7.500000,7.500000,7.500000,7.500000,7.500000,7.500000,7.500000,7.500000
1764424316.429405,1286686357461,7.500000,7.500000,7.500000,7.500000,7.500000,7.500000,7.500000,7.500000
1764424316.438510,1286695462136,7.500000,7.500000,7.500000,7.500000,7.500000,7.500000,7.500000,7.500000
1764424316.447601,1286704552812,7.500000,7.500000,7.500000,7.500000,7.500000,7.500000,7.500000,7.500000
1764424316.458859,1286715811533,7.500000,7.500000,7.500000,7.500000,7.500000,7.500000,7.500000,7.500000
1764424316.467956,1286724908042,7.500000,7.500000,7.500000,7.500000,7.500000,7.500000,7.500000,7.500000
1764424316.479228,1286736180178,7.500000,7.500000,7.500000,7.500000,7.500000,7.500000,7.500000,7.500000
1764424316.488310,1286745261522,7.500000,7.500000,7.500000,7.500000,7.500000,7.500000,7.500000,7.500000
1764424316.499565,1286756517034,7.500000,7.500000,7.500000,7.500000,7.500000,7.500000,7.500000,7.500000
1764424316.508688,1286765639500,7.500000,7.500000,7.500000,7.500000,7.500000,7.500000,7.500000,7.500000
1764424316.517772,1286774724052,7.500000,7.500000,7.500000,7.500000,7.500000,7.500000,7.500000,7.500000
1764424316.529023,1286785974898,7.500000,7.500000,7.500000,7.500000,7.500000,7.500000,7.500000,7.500000
1764424316.538115,1286795067324,7.500000,7.500000,7.500000,7.500000,7.500000,7.500000,7.500000,7.500000
1764424316.549377,1286806328669,7.500000,7.500000,7.500000,7.500000,7.500000,7.500000,7.500000,7.500000
1764424316.558459,1286815411180,7.500000,7.500000,7.500000,7.500000,7.500000,7.500000,7.500000,7.500000
1764424316.567545,1286824496607,7.500000,7.500000,7.500000,7.500000,7.500000,7.500000,7.500000,7.500000
1764424316.578760,1286835712165,7.500000,7.500000,7.500000,7.500000,7.500000,7.500000,7.500000,7.500000
1764424316.587842,1286844794093,7.500000,7.500000,7.500000,7.500000,7.500000,7.500000,7.500000,7.500000
1764424316.599106,1286856057771,7.500000,7.500000,7.500000,7.500000,7.500000,7.500000,7.500000,7.500000
1764424316.608198,1286865149614,7.500000,7.500000,7.500000,7.500000,7.500000,7.500000,7.500000,7.500000
1764424316.619449,1286876401335,7.500000,7.500000,7.500000,7.500000,7.500000,7.500000,7.500000,7.500000
1764424316.628507,1286885458473,7.500000,7.500000,7.500000,7.500000,7.500000,7.500000,7.500000,7.500000
1764424316.637417,1286894368334,7.500000,7.500000,7.500000,7.500000,7.500000,7.500000,7.500000,7.500000
1764424316.648500,1286905451779,7.500000,7.500000,7.500000,7.500000,7.500000,7.500000,7.500000,7.500000
1764424316.657420,1286914371555,7.500000,7.500000,7.500000,7.500000,7.500000,7.500000,7.500000,7.500000
1764424316.668491,1286925442752,7.500000,7.500000,7.500000,7.500000,7.500000,7.500000,7.500000,7.500000
1764424316.677422,1286934373610,7.500000,7.500000,7.500000,7.500000,7.500000,7.500000,7.500000,7.500000
1764424316.688480,1286945432266,7.500000,7.500000,7.500000,7.500000,7.500000,7.500000,7.500000,7.500000
1764424316.697418,1286954369832,7.500000,7.500000,7.500000,7.500000,7.500000,7.500000,7.500000,7.500000
1764424316.708479,1286965430530,7.500000,7.500000,7.500000,7.500000,7.500000,7.500000,7.500000,7.500000
1764424316.717437,1286974388802,7.500000,7.500000,7.500000,7.500000,7.500000,7.500000,7.500000,7.500000
1764424316.728482,1286985433168,7.500000,7.500000,7.500000,7.500000,7.500000,7.500000,7.500000,7.500000
1764424316.737422,1286994373942,7.500000,7.500000,7.500000,7.500000,7.500000,7.500000,7.500000,7.500000
1764424316.748644,1287005595333,7.500000,7.500000,7.500000,7.500000,7.500000,7.500000,7.500000,7.500000
1764424316.757605,1287014557105,7.500000,7.500000,7.500000,7.500000,7.500000,7.500000,7.500000,7.500000
1764424316.768712,1287025663882,7.500000,7.500000,7.500000,7.500000,7.500000,7.500000,7.500000,7.500000
1764424316.777642,1287034593282,7.500000,7.500000,7.500000,7.500000,7.500000,7.500000,7.500000,7.500000
1764424316.788726,1287045677602,7.500000,7.500000,7.500000,7.500000,7.500000,7.500000,7.500000,7.500000
1764424316.797641,1287054592712,7.500000,7.500000,7.500000,7.500000,7.500000,7.500000,7.500000,7.500000
1764424316.808920,1287065872139,7.500000,7.500000,7.500000,7.500000,7.500000,7.500000,7.500000,7.500000
1764424316.817913,1287074864825,7.500000,7.500000,7.500000,7.500000,7.500000,7.500000,7.500000,7.500000
1764424316.829067,1287086018888,7.500000,7.500000,7.500000,7.500000,7.500000,7.500000,7.500000,7.500000
1764424316.837917,1287094869255,7.500000,7.500000,7.500000,7.500000,7.500000,7.500000,7.500000,7.500000
1764424316.848963,1287105914495,7.500000,7.500000,7.500000,7.500000,7.500000,7.500000,7.500000,7.500000
1764424316.857886,1287114837771,7.500000,7.500000,7.500000,7.500000,7.500000,7.500000,7.500000,7.500000
1764424316.869047,1287125999084,7.500000,7.500000,7.500000,7.500000,7.500000,7.500000,7.500000,7.500000
1764424316.877992,1287134943358,7.500000,7.500000,7.500000,7.500000,7.500000,7.500000,7.500000,7.500000
1764424316.889079,1287146031178,7.500000,7.500000,7.500000,7.500000,7.500000,7.500000,7.500000,7.500000
1764424316.898030,1287154981576,7.500000,7.500000,7.500000,7.500000,7.500000,7.500000,7.500000,7.500000
1764424316.909116,1287166067938,7.500000,7.500000,7.500000,7.500000,7.500000,7.500000,7.500000,7.500000
1764424316.918057,1287175008420,7.500000,7.500000,7.500000,7.500000,7.500000,7.500000,7.500000,7.500000
1764424316.929143,1287186094782,7.500000,7.500000,7.500000,7.500000,7.500000,7.500000,7.500000,7.500000
1764424316.938080,1287195031473,7.500000,7.500000,7.500000,7.500000,7.500000,7.500000,7.500000,7.500000
1764424316.949162,1287206114044,7.500000,7.500000,7.500000,7.500000,7.500000,7.500000,7.500000,7.500000
1764424316.958101,1287215052193,7.500000,7.500000,7.500000,7.500000,7.500000,7.500000,7.500000,7.500000
1764424316.969184,1287226136222,7.500000,7.500000,7.500000,7.500000,7.500000,7.500000,7.500000,7.500000
1764424316.978128,1287235080204,7.500000,7.500000,7.500000,7.500000,7.500000,7.500000,7.500000,7.500000
1764424316.989218,1287246169191,7.500000,7.500000,7.500000,7.500000,7.500000,7.500000,7.500000,7.500000
1764424316.998164,1287255115506,7.500000,7.500000,7.500000,7.500000,7.500000,7.500000,7.500000,7.500000
1764424317.009250,1287266201576,7.500000,7.500000,7.500000,7.500000,7.500000,7.500000,7.500000,7.500000
1764424317.018388,1287275339790,7.500000,7.500000,7.500000,7.500000,7.500000,7.500000,7.500000,7.500000
1764424317.029476,1287286428193,7.500000,7.500000,7.500000,7.500000,7.500000,7.500000,7.500000,7.500000
1764424317.038419,1287295370134,7.500000,7.500000,7.500000,7.500000,7.500000,7.500000,7.500000,7.500000
1764424317.049496,1287306448038,7.500000,7.500000,7.500000,7.500000,7.500000,7.500000,7.500000,7.500000
1764424317.058431,1287315383563,7.500000,7.500000,7.500000,7.500000,7.500000,7.500000,7.500000,7.500000
1764424317.067402,1287324353793,7.500000,7.500000,7.500000,7.500000,7.500000,7.500000,7.500000,7.500000
1764424317.078512,1287335464069,7.500000,7.500000,7.500000,7.500000,7.500000,7.500000,7.500000,7.500000
1764424317.087418,1287344370138,7.500000,7.500000,7.500000,7.500000,7.500000,7.500000,7.500000,7.500000
1764424317.098513,1287355464666,7.500000,7.500000,7.500000,7.500000,7.500000,7.500000,7.500000,7.500000
1764424317.107421,1287364373068,7.500000,7.500000,7.500000,7.500000,7.500000,7.500000,7.500000,7.500000
1764424317.118484,1287375435807,7.500000,7.500000,7.500000,7.500000,7.500000,7.500000,7.500000,7.500000
1764424317.127431,1287384382414,7.500000,7.500000,7.500000,7.500000,7.500000,7.500000,7.500000,7.500000
1764424317.138491,1287395443111,7.500000,7.500000,7.500000,7.500000,7.500000,7.500000,7.500000,7.500000
1764424317.147437,1287404388260,7.500000,7.500000,7.500000,7.500000,7.500000,7.500000,7.500000,7.500000
1764424317.158623,1287415574654,7.500000,7.500000,7.500000,7.500000,7.500000,7.500000,7.500000,7.500000
